SrcID,PsrID
1,5339
2,5340
3,5341
4,5342
5,5343
6,5344
7,5345
8,5346
9,5347
10,5348
11,5349
12,5350
13,5351
14,5352
15,5353
16,5354
17,5355
18,5356
19,5357
20,5358
21,5359
22,5360
23,5361
24,5362
25,5363
26,5364
27,5365
28,5366
29,5367
30,5368
31,5369
32,5370
33,5371
34,5372
35,5373
36,5374
37,5375
38,5376
39,5377
40,5378
41,5379
42,5380
43,5381
44,5382
45,5383
46,5384
47,5385
48,5386
49,5387
50,5388
51,5389
52,5390
53,5391
54,5392
55,5393
56,5394
57,5395
58,5396
59,5397
60,5398
61,5399
62,5400
63,5401
64,5402
65,5403
66,5404
67,5405
68,5406
69,5407
70,5408
71,5409
72,5410
73,5411
74,5412
75,5413
76,5414
77,5415
78,5416
79,5417
80,5418
81,5419
82,5420
83,5421
84,5422
85,5423
86,5424
87,5425
88,5426
89,5427
90,5428
91,5429
92,5430
93,5431
94,5432
95,5433
96,5434
97,5435
98,5436
99,5437
100,5438
101,5439
102,5440
103,5441
104,5442
105,5443
106,5444
107,5445
108,5446
109,5447
110,5448
111,5449
112,5450
113,5451
114,5452
115,5453
116,5454
117,5455
118,5456
119,5457
120,5458
121,5459
122,5460
123,5461
124,5462
125,5463
126,5464
127,5465
128,5466
129,5467
130,5468
131,5469
132,5470
133,5471
134,5472
135,5473
136,5474
137,5475
138,5476
139,5477
140,5478
141,5479
142,5480
143,5481
144,5482
145,5483
146,5484
147,5485
148,5486
149,5487
150,5488
151,5489
152,5490
153,5491
154,5492
155,5493
156,5494
157,5495
158,5496
159,5497
160,5498
161,5499
162,5500
163,5501
164,5502
165,5503
166,5504
167,5505
168,5506
169,5507
170,5508
171,5509
172,5510
173,5511
174,5512
175,5513
176,5514
177,5515
178,5516
179,5517
180,5518
181,5519
182,5520
183,5521
184,5522
185,5523
186,5524
187,5525
188,5526
189,5527
190,5528
191,5529
192,5530
193,5531
194,5532
195,5533
196,5534
197,5535
198,5536
199,5537
200,5538
201,5539
202,5540
203,5541
204,5542
205,5543
206,5544
207,5545
208,5546
209,5547
210,5548
211,5549
212,5550
213,5551
214,5552
215,5553
216,5554
217,5555
218,5556
219,5557
220,5558
221,5559
222,5560
223,5561
224,5562
225,5563
226,5564
227,5565
228,5566
229,5567
230,5568
231,5569
232,5570
233,5571
234,5572
235,5573
236,5574
237,5575
238,5576
239,5577
240,5578
241,5579
242,5580
243,5581
244,5582
245,5583
246,5584
247,5585
248,5586
249,5587
250,5588
251,5589
252,5590
253,5591
254,5592
255,5593
256,5594
257,5595
258,5596
259,5597
260,5598
261,5599
262,5600
263,5601
264,5602
265,5603
266,5604
267,5605
268,5606
269,5607
270,5608
271,5609
272,5610
273,5611
274,5612
275,5613
276,5614
277,5615
278,5616
279,5617
280,5618
281,5619
282,5620
283,5621
284,5622
285,5623
286,5624
287,5625
288,5626
289,5627
290,5628
291,5629
292,5630
293,5631
294,5632
295,5633
296,5634
297,5635
298,5636
299,5637
300,5638
301,5639
302,5640
303,5641
304,5642
305,5643
306,5644
307,5645
308,5646
309,5647
310,5648
311,5649
312,5650
313,5651
314,5652
315,5653
316,5654
317,5655
318,5656
319,5657
320,5658
321,5659
322,5660
323,5661
324,5662
325,5663
326,5664
327,5665
328,5666
329,5667
330,5668
331,5669
332,5670
333,5671
334,5672
335,5673
336,5674
337,5675
338,5676
339,5677
340,5678
341,5679
342,5680
343,5681
344,5682
345,5683
346,5684
347,5685
348,5686
349,5687
350,5688
351,5689
352,5690
353,5691
354,5692
355,5693
356,5694
357,5695
358,5696
359,5697
360,5698
361,5699
362,5700
363,5701
364,5702
365,5703
366,5704
367,5705
368,5706
369,5707
370,5708
371,5709
372,5710
373,5711
374,5712
375,5713
376,5714
377,5715
378,5716
379,5717
380,5718
381,5719
382,5720
383,5721
384,5722
385,5723
386,5724
387,5725
388,5726
389,5727
390,5728
391,5729
392,5730
393,5731
394,5732
395,5733
396,5734
397,5735
398,5736
399,5737
400,5738
401,5739
402,5740
403,5741
404,5742
405,5743
406,5744
407,5745
408,5746
409,5747
410,5748
411,5749
412,5750
413,5751
414,5752
415,5753
416,5754
417,5755
418,5756
419,5757
420,5758
421,5759
422,5760
423,5761
424,5762
425,5763
426,5764
427,5765
428,5766
429,5767
430,5768
431,5769
432,5770
433,5771
434,5772
435,5773
436,5774
437,5775
438,5776
439,5777
440,5778
441,5779
442,5780
443,5781
444,5782
445,5783
446,5784
447,5785
448,5786
449,5787
450,5788
451,5789
452,5790
453,5791
454,5792
455,5793
456,5794
457,5795
458,5796
459,5797
460,5798
461,5799
462,5800
463,5801
464,5802
465,5803
466,5804
467,5805
468,5806
469,5807
470,5808
471,5809
472,5810
473,5811
474,5812
475,5813
476,5814
477,5815
478,5816
479,5817
480,5818
481,5819
482,5820
483,5821
484,5822
485,5823
486,5824
487,5825
488,5826
489,5827
490,5828
491,5829
492,5830
493,5831
494,5832
495,5833
496,5834
497,5835
498,5836
499,5837
500,5838
501,5839
502,5840
503,5841
504,5842
505,5843
506,5844
507,5845
508,5846
509,5847
510,5848
511,5849
512,5850
513,5851
514,5852
515,5853
516,5854
517,5855
518,5856
519,5857
520,5858
521,5859
522,5860
523,5861
524,5862
525,5863
526,5864
527,5865
528,5866
529,5867
530,5868
531,5869
532,5870
533,5871
534,5872
535,5873
536,5874
537,5875
538,5876
539,5877
540,5878
541,5879
542,5880
543,5881
544,5882
545,5883
546,5884
547,5885
548,5886
549,5887
550,5888
551,5889
552,5890
553,5891
554,5892
555,5893
556,5894
557,5895
558,5896
559,5897
560,5898
561,5899
562,5900
563,5901
564,5902
565,5903
566,5904
567,5905
568,5906
569,5907
570,5908
571,5909
572,5910
573,5911
574,5912
575,5913
576,5914
577,5915
578,5916
579,5917
580,5918
581,5919
582,5920
583,5921
584,5922
585,5923
586,5924
587,5925
588,5926
589,5927
590,5928
591,5929
592,5930
593,5931
594,5932
595,5933
596,5934
597,5935
598,5936
599,5937
600,5938
601,5939
602,5940
603,5941
604,5942
605,5943
606,5944
607,5945
608,5946
609,5947
610,5948
611,5949
612,5950
613,5951
614,5952
615,5953
616,5954
617,5955
618,5956
619,5957
620,5958
621,5959
622,5960
623,5961
624,5962
625,5963
626,5964
627,5965
628,5966
629,5967
630,5968
631,5969
632,5970
633,5971
634,5972
635,5973
636,5974
637,5975
638,5976
639,5977
640,5978
641,5979
642,5980
643,5981
644,5982
645,5983
646,5984
647,5985
648,5986
649,5987
650,5988
651,5989
652,5990
653,5991
654,5992
655,5993
656,5994
657,5995
658,5996
659,5997
660,5998
661,5999
662,6000
663,6001
664,6002
665,6003
666,6004
667,6005
668,6006
669,6007
670,6008
671,6009
672,6010
673,6011
674,6012
675,6013
676,6014
677,6015
